{
  "custom": {},
  "params": {
    "data": {
      "UOM": null,
      "added": 1,
      "cla": "humidity",
      "devId": "a4cf12df1653",
      "idSensors": "ESPsensorgarage_humidity",
      "manufacturer": "espressif",
      "model": "nodemcuv2",
      "name": "garage",
      "sensorName": "Garage Humidity",
      "sw": "esphome v2021.11.4 Dec 28 2021, 12:51:12",
      "topic": "garage/sensor/garage_humidity/state",
      "type": "binarySensor"
    }
  },
  "propConfig": {
    "params.UOM": {
      "paramDirection": "input",
      "persistent": true
    },
    "params.added": {
      "paramDirection": "input",
      "persistent": true
    },
    "params.cla": {
      "paramDirection": "input",
      "persistent": true
    },
    "params.data": {
      "paramDirection": "input",
      "persistent": true
    },
    "params.idSensors": {
      "paramDirection": "input",
      "persistent": true
    },
    "params.manufacturer": {
      "paramDirection": "input",
      "persistent": true
    },
    "params.model": {
      "paramDirection": "input",
      "persistent": true
    },
    "params.name": {
      "paramDirection": "input",
      "persistent": true
    },
    "params.sensorName": {
      "paramDirection": "input",
      "persistent": true
    },
    "params.sw": {
      "paramDirection": "input",
      "persistent": true
    },
    "params.topic": {
      "paramDirection": "input",
      "persistent": true
    },
    "params.type": {
      "paramDirection": "input",
      "persistent": true
    }
  },
  "props": {
    "defaultSize": {
      "height": 189,
      "width": 383
    }
  },
  "root": {
    "children": [
      {
        "meta": {
          "name": "Label"
        },
        "position": {
          "basis": "32px"
        },
        "propConfig": {
          "props.text": {
            "binding": {
              "config": {
                "path": "view.params.data.sensorName"
              },
              "type": "property"
            }
          }
        },
        "type": "ia.display.label"
      },
      {
        "children": [
          {
            "children": [
              {
                "meta": {
                  "name": "Label"
                },
                "position": {
                  "basis": "22px"
                },
                "props": {
                  "style": {
                    "fontSize": "10px"
                  },
                  "text": "Manufacturer"
                },
                "type": "ia.display.label"
              },
              {
                "meta": {
                  "name": "Label_0"
                },
                "position": {
                  "basis": "18px"
                },
                "propConfig": {
                  "props.text": {
                    "binding": {
                      "config": {
                        "path": "view.params.data.manufacturer"
                      },
                      "type": "property"
                    }
                  }
                },
                "props": {
                  "alignVertical": "top",
                  "style": {
                    "fontSize": "10px"
                  }
                },
                "type": "ia.display.label"
              }
            ],
            "meta": {
              "name": "FlexContainer"
            },
            "position": {
              "basis": "200px"
            },
            "props": {
              "direction": "column"
            },
            "type": "ia.container.flex"
          },
          {
            "children": [
              {
                "meta": {
                  "name": "Label"
                },
                "position": {
                  "basis": "50px"
                },
                "props": {
                  "style": {
                    "fontSize": "10px"
                  },
                  "text": "Model"
                },
                "type": "ia.display.label"
              },
              {
                "meta": {
                  "name": "Label_0"
                },
                "position": {
                  "basis": "50px"
                },
                "propConfig": {
                  "props.text": {
                    "binding": {
                      "config": {
                        "path": "view.params.data.model"
                      },
                      "type": "property"
                    }
                  }
                },
                "props": {
                  "alignVertical": "top",
                  "style": {
                    "fontSize": "10px"
                  }
                },
                "type": "ia.display.label"
              }
            ],
            "meta": {
              "name": "FlexContainer_0"
            },
            "position": {
              "basis": "200px"
            },
            "props": {
              "direction": "column"
            },
            "type": "ia.container.flex"
          }
        ],
        "meta": {
          "name": "FlexContainer"
        },
        "position": {
          "basis": "200px"
        },
        "type": "ia.container.flex"
      },
      {
        "children": [
          {
            "children": [
              {
                "meta": {
                  "name": "Label"
                },
                "position": {
                  "basis": "22px"
                },
                "props": {
                  "style": {
                    "fontSize": "10px"
                  },
                  "text": "Software"
                },
                "type": "ia.display.label"
              },
              {
                "meta": {
                  "name": "Label_0"
                },
                "position": {
                  "basis": "18px"
                },
                "propConfig": {
                  "props.text": {
                    "binding": {
                      "config": {
                        "path": "view.params.data.sw"
                      },
                      "type": "property"
                    }
                  }
                },
                "props": {
                  "alignVertical": "top",
                  "style": {
                    "fontSize": "10px"
                  }
                },
                "type": "ia.display.label"
              }
            ],
            "meta": {
              "name": "FlexContainer"
            },
            "position": {
              "basis": "200px"
            },
            "props": {
              "direction": "column"
            },
            "type": "ia.container.flex"
          },
          {
            "children": [
              {
                "meta": {
                  "name": "Label"
                },
                "position": {
                  "basis": "50px"
                },
                "props": {
                  "style": {
                    "fontSize": "10px"
                  },
                  "text": "Type"
                },
                "type": "ia.display.label"
              },
              {
                "meta": {
                  "name": "Label_0"
                },
                "position": {
                  "basis": "50px"
                },
                "propConfig": {
                  "props.text": {
                    "binding": {
                      "config": {
                        "path": "view.params.data.type"
                      },
                      "type": "property"
                    }
                  }
                },
                "props": {
                  "alignVertical": "top",
                  "style": {
                    "fontSize": "10px"
                  }
                },
                "type": "ia.display.label"
              }
            ],
            "meta": {
              "name": "FlexContainer_0"
            },
            "position": {
              "basis": "200px"
            },
            "props": {
              "direction": "column"
            },
            "type": "ia.container.flex"
          }
        ],
        "meta": {
          "name": "FlexContainer_0"
        },
        "position": {
          "basis": "200px"
        },
        "type": "ia.container.flex"
      },
      {
        "children": [
          {
            "children": [
              {
                "meta": {
                  "name": "Label"
                },
                "position": {
                  "basis": "22px"
                },
                "props": {
                  "style": {
                    "fontSize": "10px"
                  },
                  "text": "Measure"
                },
                "type": "ia.display.label"
              },
              {
                "meta": {
                  "name": "Label_0"
                },
                "position": {
                  "basis": "18px"
                },
                "propConfig": {
                  "props.text": {
                    "binding": {
                      "config": {
                        "path": "view.params.data.cla"
                      },
                      "type": "property"
                    }
                  }
                },
                "props": {
                  "alignVertical": "top",
                  "style": {
                    "fontSize": "10px"
                  }
                },
                "type": "ia.display.label"
              }
            ],
            "meta": {
              "name": "FlexContainer"
            },
            "position": {
              "basis": "200px"
            },
            "props": {
              "direction": "column"
            },
            "type": "ia.container.flex"
          },
          {
            "children": [
              {
                "meta": {
                  "name": "Label"
                },
                "position": {
                  "basis": "50px"
                },
                "props": {
                  "style": {
                    "fontSize": "10px"
                  },
                  "text": "Device ID"
                },
                "type": "ia.display.label"
              },
              {
                "meta": {
                  "name": "Label_0"
                },
                "position": {
                  "basis": "50px"
                },
                "propConfig": {
                  "props.text": {
                    "binding": {
                      "config": {
                        "path": "view.params.data.devId"
                      },
                      "type": "property"
                    }
                  }
                },
                "props": {
                  "alignVertical": "top",
                  "style": {
                    "fontSize": "10px"
                  }
                },
                "type": "ia.display.label"
              }
            ],
            "meta": {
              "name": "FlexContainer_0"
            },
            "position": {
              "basis": "200px"
            },
            "props": {
              "direction": "column"
            },
            "type": "ia.container.flex"
          }
        ],
        "meta": {
          "name": "FlexContainer_2"
        },
        "position": {
          "basis": "200px"
        },
        "type": "ia.container.flex"
      }
    ],
    "meta": {
      "name": "root"
    },
    "props": {
      "direction": "column",
      "style": {
        "borderBottomLeftRadius": "5px",
        "borderBottomRightRadius": "5px",
        "borderTopLeftRadius": "5px",
        "borderTopRightRadius": "5px",
        "classes": "boxShadowGlow",
        "padding": "5px"
      }
    },
    "type": "ia.container.flex"
  }
}