{
  "custom": {
    "data": {
      "axis": "",
      "data": {
        "aggregateMode": "default",
        "source": null
      },
      "display": {
        "breakLine": true,
        "interpolation": "curveLinear",
        "radius": 3,
        "styles": {
          "highlighted": {
            "fill": {
              "color": "#63BEA2",
              "opacity": 1
            },
            "stroke": {
              "color": "#63BEA2",
              "dashArray": 0,
              "opacity": 1,
              "width": 1
            }
          },
          "muted": {
            "fill": {
              "color": "#63BEA2",
              "opacity": 0.4
            },
            "stroke": {
              "color": "#63BEA2",
              "dashArray": 0,
              "opacity": 0.4,
              "width": 1
            }
          },
          "normal": {
            "fill": {
              "color": "#63BEA2",
              "opacity": 0.8
            },
            "stroke": {
              "color": "#63BEA2",
              "dashArray": 0,
              "opacity": 0.8,
              "width": 1
            }
          },
          "selected": {
            "fill": {
              "color": "#63BEA2",
              "opacity": 1
            },
            "stroke": {
              "color": "#63BEA2",
              "dashArray": 0,
              "opacity": 1,
              "width": 1
            }
          }
        },
        "type": "line"
      },
      "enabled": true,
      "name": "value",
      "plot": 0,
      "selectable": true,
      "visible": true
    },
    "tagPath": "[ESPHome]ESPhome/SensorData/Garage Humidity/value"
  },
  "params": {
    "data": {
      "UOM": "%",
      "added": 1,
      "cla": "humidity",
      "commandTopic": null,
      "configPath": "[MQTT Engine]homeassistant/sensor/man-room/man-room_temperature/config",
      "devId": "a4cf12df1653",
      "idSensors": "ESPsensorgarage_humidity",
      "manufacturer": "espressif",
      "model": "nodemcuv2",
      "name": "garage",
      "sensorName": "Garage Humidity",
      "sw": "esphome v2021.11.4 Dec 28 2021, 12:51:12",
      "topic": "garage/sensor/garage_humidity/state",
      "type": "sensor"
    }
  },
  "propConfig": {
    "custom.data": {
      "binding": {
        "config": {
          "expression": "{view.custom.historyPath}"
        },
        "transforms": [
          {
            "code": "\tdata  \u003d {\n\t  \"name\": \"value\",\n\t  \"visible\": True,\n\t  \"enabled\": True,\n\t  \"selectable\": True,\n\t  \"axis\": \"\",\n\t  \"plot\": 0,\n\t  \"display\": {\n\t    \"type\": \"line\",\n\t    \"interpolation\": \"curveLinear\",\n\t    \"breakLine\": True,\n\t    \"radius\": 3,\n\t    \"styles\": {\n\t      \"normal\": {\n\t        \"stroke\": {\n\t          \"color\": \"#63BEA2\",\n\t          \"width\": 1,\n\t          \"dashArray\": 0,\n\t          \"opacity\": 0.8\n\t        },\n\t        \"fill\": {\n\t          \"color\": \"#63BEA2\",\n\t          \"opacity\": 0.8\n\t        }\n\t      },\n\t      \"highlighted\": {\n\t        \"stroke\": {\n\t          \"color\": \"#63BEA2\",\n\t          \"width\": 1,\n\t          \"dashArray\": 0,\n\t          \"opacity\": 1\n\t        },\n\t        \"fill\": {\n\t          \"color\": \"#63BEA2\",\n\t          \"opacity\": 1\n\t        }\n\t      },\n\t      \"selected\": {\n\t        \"stroke\": {\n\t          \"color\": \"#63BEA2\",\n\t          \"width\": 1,\n\t          \"dashArray\": 0,\n\t          \"opacity\": 1\n\t        },\n\t        \"fill\": {\n\t          \"color\": \"#63BEA2\",\n\t          \"opacity\": 1\n\t        }\n\t      },\n\t      \"muted\": {\n\t        \"stroke\": {\n\t          \"color\": \"#63BEA2\",\n\t          \"width\": 1,\n\t          \"dashArray\": 0,\n\t          \"opacity\": 0.4\n\t        },\n\t        \"fill\": {\n\t          \"color\": \"#63BEA2\",\n\t          \"opacity\": 0.4\n\t        }\n\t      }\n\t    }\n\t  },\n\t  \"data\": {\n\t    \"source\": \"histprov:main:/drv:docker-test:default:/tag:esphome/sensordata/garage temperature/value\",\n\t    \"aggregateMode\": \"default\"\n\t  }\n\t}\n\t\n\tdata[\u0027data\u0027][\u0027source\u0027] \u003d value\n\treturn data",
            "type": "script"
          }
        ],
        "type": "expr"
      },
      "persistent": true
    },
    "custom.tagPath": {
      "binding": {
        "config": {
          "expression": "if({view.params.data.type}\u003d\"switch\" || {view.params.data.type}\u003d\"binarySensor\", \"[\" + {session.custom.provider} + \"]ESPhome/SensorData/\" + {view.params.data.sensorName} + \"/BinaryValue\", \"[\" +  {session.custom.provider} +\"]ESPhome/SensorData/\" + {view.params.data.sensorName} + \"/value\")"
        },
        "type": "expr"
      },
      "persistent": true
    },
    "params.UOM": {
      "paramDirection": "input",
      "persistent": true
    },
    "params.added": {
      "paramDirection": "input",
      "persistent": true
    },
    "params.cla": {
      "paramDirection": "input",
      "persistent": true
    },
    "params.data": {
      "paramDirection": "input",
      "persistent": true
    },
    "params.idSensors": {
      "paramDirection": "input",
      "persistent": true
    },
    "params.manufacturer": {
      "paramDirection": "input",
      "persistent": true
    },
    "params.model": {
      "paramDirection": "input",
      "persistent": true
    },
    "params.name": {
      "paramDirection": "input",
      "persistent": true
    },
    "params.sensorName": {
      "paramDirection": "input",
      "persistent": true
    },
    "params.sw": {
      "paramDirection": "input",
      "persistent": true
    },
    "params.topic": {
      "paramDirection": "input",
      "persistent": true
    },
    "params.type": {
      "paramDirection": "input",
      "persistent": true
    }
  },
  "props": {
    "defaultSize": {
      "height": 180,
      "width": 311
    }
  },
  "root": {
    "children": [
      {
        "children": [
          {
            "meta": {
              "name": "Label"
            },
            "position": {
              "basis": "32px",
              "grow": 1
            },
            "propConfig": {
              "props.text": {
                "binding": {
                  "config": {
                    "path": "view.params.data.sensorName"
                  },
                  "type": "property"
                }
              }
            },
            "type": "ia.display.label"
          },
          {
            "events": {
              "dom": {
                "onClick": {
                  "config": {
                    "draggable": false,
                    "id": "delete",
                    "modal": true,
                    "overlayDismiss": true,
                    "resizable": false,
                    "showCloseIcon": true,
                    "type": "open",
                    "viewParams": {
                      "data": "{view.params.data}"
                    },
                    "viewPath": "ESPHome/delete",
                    "viewportBound": false
                  },
                  "scope": "C",
                  "stopPropagation": true,
                  "type": "popup"
                }
              }
            },
            "meta": {
              "name": "Icon"
            },
            "position": {
              "basis": "30px"
            },
            "props": {
              "path": "material/delete_forever"
            },
            "type": "ia.display.icon"
          }
        ],
        "meta": {
          "name": "FlexContainer_0"
        },
        "position": {
          "basis": "50px"
        },
        "type": "ia.container.flex"
      },
      {
        "children": [
          {
            "children": [
              {
                "meta": {
                  "name": "Label"
                },
                "position": {
                  "basis": "50px"
                },
                "props": {
                  "style": {
                    "fontSize": "10px"
                  },
                  "text": "Last Updated"
                },
                "type": "ia.display.label"
              },
              {
                "meta": {
                  "name": "Label_0"
                },
                "position": {
                  "basis": "50px"
                },
                "propConfig": {
                  "props.text": {
                    "binding": {
                      "config": {
                        "fallbackDelay": 2.5,
                        "mode": "indirect",
                        "references": {
                          "1": "{view.params.data.sensorName}",
                          "2": "{[ESPHome]ESPhome/config/tagProvider}"
                        },
                        "tagPath": "[{2}]ESPhome/SensorData/{1}/lastUpdate"
                      },
                      "transforms": [
                        {
                          "code": "\treturn utils.secondsToString(value) + \" Ago\"",
                          "type": "script"
                        }
                      ],
                      "type": "tag"
                    }
                  }
                },
                "props": {
                  "alignVertical": "top",
                  "style": {
                    "fontSize": "10px"
                  }
                },
                "type": "ia.display.label"
              }
            ],
            "meta": {
              "name": "FlexContainer"
            },
            "position": {
              "basis": "200px"
            },
            "props": {
              "direction": "column"
            },
            "type": "ia.container.flex"
          },
          {
            "children": [
              {
                "meta": {
                  "name": "Label"
                },
                "position": {
                  "basis": "50px"
                },
                "props": {
                  "style": {
                    "fontSize": "10px"
                  },
                  "text": "Last Value"
                },
                "type": "ia.display.label"
              },
              {
                "meta": {
                  "name": "Label_0"
                },
                "position": {
                  "basis": "50px"
                },
                "propConfig": {
                  "props.text": {
                    "binding": {
                      "config": {
                        "fallbackDelay": 2.5,
                        "mode": "indirect",
                        "references": {
                          "1": "{view.params.data.sensorName}",
                          "2": "{[ESPHome]ESPhome/config/tagProvider}"
                        },
                        "tagPath": "[{2}]ESPhome/SensorData/{1}/value"
                      },
                      "transforms": [
                        {
                          "expression": "{value} + if(isNull({view.params.data.UOM}), \u0027\u0027, {view.params.data.UOM})",
                          "type": "expression"
                        }
                      ],
                      "type": "tag"
                    }
                  }
                },
                "props": {
                  "alignVertical": "top",
                  "style": {
                    "fontSize": "10px"
                  }
                },
                "type": "ia.display.label"
              }
            ],
            "meta": {
              "name": "FlexContainer_0"
            },
            "position": {
              "basis": "200px"
            },
            "props": {
              "direction": "column"
            },
            "type": "ia.container.flex"
          }
        ],
        "meta": {
          "name": "FlexContainer"
        },
        "position": {
          "basis": "200px"
        },
        "type": "ia.container.flex"
      },
      {
        "children": [
          {
            "meta": {
              "name": "EmbeddedView"
            },
            "position": {
              "basis": "320px"
            },
            "propConfig": {
              "props.params.data": {
                "binding": {
                  "config": {
                    "path": "view.params.data"
                  },
                  "type": "property"
                }
              },
              "props.path": {
                "binding": {
                  "config": {
                    "expression": "\"ESPHome/detail\" + {view.params.data.type}"
                  },
                  "type": "expr"
                }
              }
            },
            "type": "ia.display.view"
          }
        ],
        "meta": {
          "name": "FlexContainer_1"
        },
        "position": {
          "basis": "100px"
        },
        "props": {
          "justify": "center"
        },
        "type": "ia.container.flex"
      }
    ],
    "events": {
      "dom": {
        "onClick": {
          "config": {
            "draggable": false,
            "id": "zIUmzwFp",
            "modal": true,
            "overlayDismiss": true,
            "resizable": false,
            "showCloseIcon": true,
            "type": "open",
            "viewParams": {
              "historicalPath": "{view.custom.tagPath}",
              "path": "{view.params.data.sensorName}"
            },
            "viewPath": "ESPHome/historical",
            "viewportBound": true
          },
          "scope": "C",
          "type": "popup"
        }
      }
    },
    "meta": {
      "name": "root"
    },
    "props": {
      "direction": "column",
      "style": {
        "borderBottomLeftRadius": "5px",
        "borderBottomRightRadius": "5px",
        "borderTopLeftRadius": "5px",
        "borderTopRightRadius": "5px",
        "classes": "boxShadow",
        "padding": "5px"
      }
    },
    "type": "ia.container.flex"
  }
}