{
  "custom": {},
  "params": {
    "path": "Garage Temperature"
  },
  "propConfig": {
    "params.path": {
      "paramDirection": "input",
      "persistent": true
    }
  },
  "props": {
    "defaultSize": {
      "height": 574,
      "width": 1168
    }
  },
  "root": {
    "children": [
      {
        "meta": {
          "name": "XYChart"
        },
        "position": {
          "basis": "375px",
          "grow": 1
        },
        "propConfig": {
          "custom.data": {
            "binding": {
              "config": {
                "avoidScanClassValidation": true,
                "dateRange": {
                  "mostRecent": "24",
                  "mostRecentUnits": "HOUR"
                },
                "enableValueCache": false,
                "ignoreBadQuality": true,
                "polling": {
                  "enabled": false,
                  "rate": "1"
                },
                "preventInterpolation": false,
                "returnFormat": "Wide",
                "returnSize": {
                  "type": "RAW"
                },
                "tags": "{parent.custom.key}",
                "valueFormat": "DATASET"
              },
              "overlayOptOut": true,
              "type": "tag-history"
            }
          },
          "props.dataSources.example": {
            "binding": {
              "config": {
                "path": "this.custom.data"
              },
              "type": "property"
            }
          }
        },
        "props": {
          "dataSources": {},
          "series": [
            {
              "candlestick": {
                "appearance": {
                  "deriveFieldsFromData": {
                    "fill": {
                      "color": "",
                      "opacity": ""
                    },
                    "stroke": {
                      "color": "",
                      "opacity": "",
                      "width": ""
                    }
                  },
                  "fill": {
                    "color": "",
                    "opacity": 1
                  },
                  "heatRules": {
                    "dataField": "",
                    "enabled": false,
                    "max": "",
                    "min": ""
                  },
                  "stacked": false,
                  "stroke": {
                    "color": "",
                    "opacity": 1,
                    "width": 1
                  }
                },
                "high": {
                  "x": "",
                  "y": ""
                },
                "low": {
                  "x": "",
                  "y": ""
                },
                "open": {
                  "x": "",
                  "y": ""
                }
              },
              "column": {
                "appearance": {
                  "deriveFieldsFromData": {
                    "fill": {
                      "color": "",
                      "opacity": ""
                    },
                    "stroke": {
                      "color": "",
                      "opacity": "",
                      "width": ""
                    }
                  },
                  "fill": {
                    "color": "",
                    "opacity": 1
                  },
                  "heatRules": {
                    "dataField": "",
                    "enabled": false,
                    "max": "",
                    "min": ""
                  },
                  "height": null,
                  "stacked": false,
                  "stroke": {
                    "color": "",
                    "opacity": 1,
                    "width": 1
                  },
                  "width": null
                },
                "open": {
                  "x": "",
                  "y": ""
                }
              },
              "data": {
                "source": "example",
                "x": "t_stamp",
                "y": "value"
              },
              "defaultState": {
                "visible": true
              },
              "hiddenInLegend": false,
              "label": {
                "text": "value"
              },
              "line": {
                "appearance": {
                  "bullets": [
                    {
                      "deriveFieldsFromData": {
                        "fill": {
                          "color": "",
                          "opacity": ""
                        },
                        "rotation": "",
                        "stroke": {
                          "color": "",
                          "opacity": "",
                          "width": ""
                        }
                      },
                      "enabled": false,
                      "fill": {
                        "color": "",
                        "opacity": 1
                      },
                      "heatRules": {
                        "dataField": "",
                        "enabled": false,
                        "max": 100,
                        "min": 2
                      },
                      "height": 10,
                      "label": {
                        "position": {
                          "dx": 0,
                          "dy": 0
                        },
                        "text": "{value}"
                      },
                      "render": "circle",
                      "rotation": 0,
                      "stroke": {
                        "color": "",
                        "opacity": 1,
                        "width": 1
                      },
                      "tooltip": {
                        "background": {
                          "color": "",
                          "opacity": 1
                        },
                        "cornerRadius": 3,
                        "enabled": true,
                        "pointerLength": 4,
                        "text": "{name}: [bold]{valueY}[/]"
                      },
                      "width": 10
                    }
                  ],
                  "connect": true,
                  "fill": {
                    "color": "",
                    "opacity": 0
                  },
                  "minDistance": 0.5,
                  "stroke": {
                    "color": "",
                    "dashArray": "",
                    "opacity": 1,
                    "width": 3
                  },
                  "tensionX": 1,
                  "tensionY": 1
                },
                "open": {
                  "x": "",
                  "y": ""
                }
              },
              "name": "value",
              "render": "line",
              "stepLine": {
                "appearance": {
                  "bullets": [
                    {
                      "deriveFieldsFromData": {
                        "fill": {
                          "color": "",
                          "opacity": ""
                        },
                        "rotation": "",
                        "stroke": {
                          "color": "",
                          "opacity": "",
                          "width": ""
                        }
                      },
                      "enabled": true,
                      "fill": {
                        "color": "",
                        "opacity": 1
                      },
                      "heatRules": {
                        "dataField": "",
                        "enabled": false,
                        "max": 100,
                        "min": 2
                      },
                      "height": 10,
                      "label": {
                        "position": {
                          "dx": 0,
                          "dy": 0
                        },
                        "text": "{value}"
                      },
                      "render": "circle",
                      "rotation": 0,
                      "stroke": {
                        "color": "",
                        "opacity": 1,
                        "width": 1
                      },
                      "tooltip": {
                        "background": {
                          "color": "",
                          "opacity": 1
                        },
                        "cornerRadius": 3,
                        "enabled": true,
                        "pointerLength": 4,
                        "text": "{name}: [bold]{valueY}[/]"
                      },
                      "width": 10
                    }
                  ],
                  "connect": true,
                  "fill": {
                    "color": "",
                    "opacity": 0
                  },
                  "minDistance": 0.5,
                  "stroke": {
                    "color": "",
                    "dashArray": "",
                    "opacity": 1,
                    "width": 3
                  },
                  "tensionX": 1,
                  "tensionY": 1
                },
                "open": {
                  "x": "",
                  "y": ""
                }
              },
              "tooltip": {
                "background": {
                  "color": "",
                  "opacity": 1
                },
                "cornerRadius": 3,
                "enabled": true,
                "pointerLength": 4,
                "text": "{name}: [bold]{valueY}[/]"
              },
              "visible": true,
              "xAxis": "t_stamp",
              "yAxis": "value",
              "zIndex": 0
            }
          ],
          "xAxes": [
            {
              "appearance": {
                "font": {
                  "size": "",
                  "weight": 500
                },
                "grid": {
                  "color": "",
                  "dashArray": "",
                  "minDistance": 60,
                  "opacity": 1,
                  "position": 0.5
                },
                "inside": false,
                "labels": {
                  "color": "",
                  "horizontalCenter": "middle",
                  "opacity": 1,
                  "rotation": 0,
                  "verticalCenter": "middle"
                },
                "opposite": false
              },
              "category": {
                "break": {
                  "enabled": false,
                  "endCategory": "",
                  "size": 0.05,
                  "startCategory": ""
                }
              },
              "date": {
                "baseInterval": {
                  "count": 1,
                  "enabled": false,
                  "skipEmptyPeriods": false,
                  "timeUnit": "hour"
                },
                "break": {
                  "enabled": false,
                  "endDate": "",
                  "size": 0.05,
                  "startDate": ""
                },
                "format": "HH:mm",
                "inputFormat": "yyyy-MM-dd kk:mm:ss",
                "range": {
                  "max": "",
                  "min": "",
                  "useStrict": false
                }
              },
              "inversed": false,
              "label": {
                "color": "",
                "enabled": true,
                "text": "Time"
              },
              "name": "t_stamp",
              "render": "date",
              "tooltip": {
                "background": {
                  "color": "",
                  "opacity": 1
                },
                "cornerRadius": 3,
                "enabled": true,
                "pointerLength": 4,
                "text": ""
              },
              "value": {
                "break": {
                  "enabled": false,
                  "endValue": 100,
                  "size": 0.05,
                  "startValue": 0
                },
                "format": "#,###.##",
                "logarithmic": false,
                "range": {
                  "max": "",
                  "min": "",
                  "useStrict": false
                }
              },
              "visible": true
            }
          ],
          "yAxes": [
            {
              "appearance": {
                "font": {
                  "size": "",
                  "weight": 500
                },
                "grid": {
                  "color": "",
                  "dashArray": "",
                  "minDistance": null,
                  "opacity": 1,
                  "position": 0.5
                },
                "inside": false,
                "labels": {
                  "color": "",
                  "horizontalCenter": "middle",
                  "opacity": 1,
                  "rotation": 0,
                  "verticalCenter": "middle"
                },
                "opposite": false
              },
              "category": {
                "break": {
                  "enabled": false,
                  "endCategory": "",
                  "size": 0.05,
                  "startCategory": ""
                }
              },
              "date": {
                "baseInterval": {
                  "count": 1,
                  "enabled": false,
                  "skipEmptyPeriods": false,
                  "timeUnit": "hour"
                },
                "break": {
                  "enabled": false,
                  "endDate": "",
                  "size": 0.05,
                  "startDate": ""
                },
                "format": "M/d/yyyy HH:mm:ss",
                "inputFormat": "yyyy-MM-dd kk:mm:ss",
                "range": {
                  "max": "",
                  "min": "",
                  "useStrict": false
                }
              },
              "inversed": false,
              "label": {
                "color": "",
                "enabled": true,
                "text": "Value"
              },
              "name": "value",
              "render": "value",
              "tooltip": {
                "background": {
                  "color": "",
                  "opacity": 1
                },
                "cornerRadius": 3,
                "enabled": true,
                "pointerLength": 4,
                "text": ""
              },
              "value": {
                "break": {
                  "enabled": false,
                  "endValue": 100,
                  "size": 0.05,
                  "startValue": 0
                },
                "format": "#,###.##",
                "logarithmic": false,
                "range": {
                  "max": "",
                  "min": "",
                  "useStrict": false
                }
              },
              "visible": true
            }
          ]
        },
        "type": "ia.chart.xy"
      },
      {
        "meta": {
          "name": "Label"
        },
        "position": {
          "basis": "32px"
        },
        "propConfig": {
          "props.text": {
            "binding": {
              "config": {
                "path": "../XYChart.props.dataSources.example"
              },
              "type": "property"
            }
          }
        },
        "type": "ia.display.label"
      }
    ],
    "custom": {
      "key": [
        {}
      ]
    },
    "meta": {
      "name": "root"
    },
    "propConfig": {
      "custom.key[0].path": {
        "binding": {
          "config": {
            "path": "view.params.path"
          },
          "transforms": [
            {
              "expression": "\"[default]ESPhome/SensorData/\" + {value} + \"/value\"",
              "type": "expression"
            }
          ],
          "type": "property"
        }
      }
    },
    "props": {
      "direction": "column"
    },
    "type": "ia.container.flex"
  }
}