{
  "custom": {},
  "params": {},
  "props": {
    "defaultSize": {
      "height": 675,
      "width": 757
    }
  },
  "root": {
    "children": [
      {
        "events": {
          "component": {
            "onActionPerformed": {
              "config": {
                "script": "\tquery \u003d \"\"\"CREATE TABLE `Sensors` (\n\t\t\t  `idSensors` varchar(45) NOT NULL,\n\t\t\t  `devId` varchar(45) DEFAULT NULL,\n\t\t\t  `model` varchar(45) DEFAULT NULL,\n\t\t\t  `manufacturer` varchar(45) DEFAULT NULL,\n\t\t\t  `name` varchar(45) DEFAULT NULL,\n\t\t\t  `sw` varchar(255) DEFAULT NULL,\n\t\t\t  `cla` varchar(45) DEFAULT NULL,\n\t\t\t  `sensorName` varchar(45) DEFAULT NULL,\n\t\t\t  `type` varchar(45) DEFAULT NULL,\n\t\t\t  `topic` varchar(255) DEFAULT NULL,\n\t\t\t  `UOM` varchar(45) DEFAULT NULL,\n\t\t\t  `added` tinyint DEFAULT \u00270\u0027,\n\t\t\t  `configPath` varchar(255) DEFAULT NULL,\n\t\t\t  `commandTopic` varchar(255) DEFAULT NULL,\n\t\t\t  `blackListed` tinyint DEFAULT \u00270\u0027,\n\t\t\t  PRIMARY KEY (`idSensors`),\n\t\t\t  UNIQUE KEY `idSensors_UNIQUE` (`idSensors`)\n\t\t\t) ENGINE\u003dInnoDB DEFAULT CHARSET\u003dutf8mb4 COLLATE\u003dutf8mb4_0900_ai_ci;\"\"\"\n\tsystem.db.runUpdateQuery(query)"
              },
              "scope": "G",
              "type": "script"
            }
          }
        },
        "meta": {
          "name": "Button"
        },
        "position": {
          "basis": "34px"
        },
        "props": {
          "text": "CREATE TABLES :)"
        },
        "type": "ia.input.button"
      }
    ],
    "meta": {
      "name": "root"
    },
    "props": {
      "direction": "column"
    },
    "type": "ia.container.flex"
  }
}